year,scenario,ensemble_forecast,lower_ci,upper_ci,base_forecast,multicountry_impact,economic_impact,sentiment_impact,probability,description,sentiment_score,risk_premium
2025,Optimistic,105308356536.33455,82350164576.62457,128917672352.23738,285813248042.9148,28581324804.291504,-209870149486.0802,783933175.2084523,0.25,Best case: tariff reduction + positive sentiment + economic recovery,0.07500000000000001,0.015
2026,Optimistic,105385200700.3135,76174280834.64938,135437647729.0789,286021807751.0172,28602180775.101746,-210023293041.93683,784505216.1313725,0.25,Best case: tariff reduction + positive sentiment + economic recovery,0.07500000000000001,0.015
2027,Optimistic,105371272907.66075,70701652765.32413,141048681406.81125,285984006879.49023,28598400687.949047,-209995536195.0713,784401535.2927665,0.25,Best case: tariff reduction + positive sentiment + economic recovery,0.07500000000000001,0.015
