year,scenario,ensemble_forecast,lower_ci,upper_ci,base_forecast,multicountry_impact,economic_impact,sentiment_impact,probability,description,sentiment_score,risk_premium
2025,Optimistic,304128389033.158,237825598205.61798,372311612297.0039,285813248042.9148,28581324804.291504,-12530166858.960135,2263983044.911865,0.25,Best case: tariff reduction + positive sentiment + economic recovery,0.07500000000000001,0.015
2026,Optimistic,304350313413.7693,219989771732.95886,391141168403.6032,286021807751.0172,28602180775.101746,-12539310199.79711,2265635087.447433,0.25,Best case: tariff reduction + positive sentiment + economic recovery,0.07500000000000001,0.015
2027,Optimistic,304310090232.23285,204184933320.84982,407345719394.1103,285984006879.49023,28598400687.949047,-12537652994.503475,2265335659.297037,0.25,Best case: tariff reduction + positive sentiment + economic recovery,0.07500000000000001,0.015
