year,weighted_forecast,weighted_lower_ci,weighted_upper_ci
2025,89512846190.27951,69998221014.3812,109580931238.75786
2026,89578164271.93141,64748676252.05519,115122956318.88774
2027,89566325549.89168,60096903774.17879,119892374540.60352
