year,forecast,lower_ci,upper_ci
2025,285813248042.9148,226906930653.4701,344719565432.3595
2026,286021807751.0172,209889954049.1266,362153661452.90784
2027,285984006879.49023,194810722037.83923,377157291721.14124
